-- Load dummy Departments
INSERT INTO Departments (did, dname) VALUES (1, 'Services');
INSERT INTO Departments (did, dname) VALUES (2, 'Engineering');
INSERT INTO Departments (did, dname) VALUES (3, 'Marketing');
INSERT INTO Departments (did, dname) VALUES (4, 'Support');
INSERT INTO Departments (did, dname) VALUES (5, 'Research and Development');
INSERT INTO Departments (did, dname) VALUES (6, 'Sales');
INSERT INTO Departments (did, dname) VALUES (7, 'Legal');
INSERT INTO Departments (did, dname) VALUES (8, 'Training');
INSERT INTO Departments (did, dname) VALUES (9, 'Human Resource Management');
INSERT INTO Departments (did, dname) VALUES (10, 'Operations');


-- Load dummy Employees
INSERT INTO Employees (did, ename, email, home_contact, mobile_contact, office_contact) VALUES (1, 'Patrick', 'patrick1@company.com', '4663365799', '4394103478', '4914187963');
INSERT INTO Employees (did, ename, email, home_contact, mobile_contact, office_contact) VALUES (2, 'Menlove', 'menlove2@company.com', '6607229260', '9389644305', '8709449105');
INSERT INTO Employees (did, ename, email, home_contact, mobile_contact, office_contact) VALUES (3, 'Faustin', 'faustin3@company.com', '4918806077', '9471742098', '5157698203');
INSERT INTO Employees (did, ename, email, home_contact, mobile_contact, office_contact) VALUES (4, 'Greir', 'greir4@company.com', '3797949192', '5558014247', '4941757236');
INSERT INTO Employees (did, ename, email, home_contact, mobile_contact, office_contact) VALUES (5, 'Charlie', 'charlie5@company.com', '2553499853', '5968656355', '1843898829');
INSERT INTO Employees (did, ename, email, home_contact, mobile_contact, office_contact) VALUES (6, 'Tickle', 'tick;e6@company.com', '6644339108', '2568690431', '2968121461');
INSERT INTO Employees (did, ename, email, home_contact, mobile_contact, office_contact) VALUES (7, 'Jobey', 'jobey7@company.com', '1079558715', '2156075289', '3977843093');
INSERT INTO Employees (did, ename, email, home_contact, mobile_contact, office_contact) VALUES (8, 'Hele', 'hele8@company.com', '7707418504', '4471204194', '1915518506');
INSERT INTO Employees (did, ename, email, home_contact, mobile_contact, office_contact) VALUES (9, 'Levy', 'levy9@company.com', '5502701330', '3432290304', '3328129734');
INSERT INTO Employees (did, ename, email, home_contact, mobile_contact, office_contact) VALUES (10, 'Dominik', 'dominik10@company.com', '7436824199', '1306198333', '4088834894');
INSERT INTO Employees (did, ename, email, home_contact, mobile_contact, office_contact) VALUES (1, 'Sam', 'Sam11@company.com', '1863537355', '5176091531', '2059480633');
INSERT INTO Employees (did, ename, email, home_contact, mobile_contact, office_contact) VALUES (2, 'Daisy', 'Daisy12@company.com', '4277683747', '1712488254', '2175661897');
INSERT INTO Employees (did, ename, email, home_contact, mobile_contact, office_contact) VALUES (3, 'Timothea', 'Timothea13@company.com', '4634280874', '4209534568', '8541484883');
INSERT INTO Employees (did, ename, email, home_contact, mobile_contact, office_contact) VALUES (4, 'Olivia', 'Olivia14@company.com', '1532399833', '9241776327', '5373273831');
INSERT INTO Employees (did, ename, email, home_contact, mobile_contact, office_contact) VALUES (5, 'Oliver', 'Oliver15@company.com','8755151833', '3343809437', '5352096148');
INSERT INTO Employees (did, ename, email, home_contact, mobile_contact, office_contact) VALUES (6, 'John', 'John16@company.com','7846473336', '8742604682', '4128283749');
INSERT INTO Employees (did, ename, email, home_contact, mobile_contact, office_contact) VALUES (7, 'Peter', 'Peter17@company.com', '6971782371', '6009246655', '8891112905');
INSERT INTO Employees (did, ename, email, home_contact, mobile_contact, office_contact) VALUES (8, 'Mark', 'Mark18@company.com', '7198094025', '8582111245', '2179726053');
INSERT INTO Employees (did, ename, email, home_contact, mobile_contact, office_contact) VALUES (9, 'Jon', 'Jon19@company.com', '8111913049', '4329500139', '8959394529');
INSERT INTO Employees (did, ename, email, home_contact, mobile_contact, office_contact) VALUES (10, 'Jill', 'Jill20@company.com', '9071166943', '9196449914', '1448626266');
INSERT INTO Employees (did, ename, email, home_contact, mobile_contact, office_contact) VALUES (1, 'Philbert Jinks', 'philbertjinks21@company.com', '4475595253', '2835028716', '1983603324');
INSERT INTO Employees (did, ename, email, home_contact, mobile_contact, office_contact) VALUES (2, 'Francklin Davidove', 'francklindavidove22@company.com', '9513341116', '4488773354', '7491050496');
INSERT INTO Employees (did, ename, email, home_contact, mobile_contact, office_contact) VALUES (3, 'Hedwig Dykas', 'hedwigdykas23@company.com', '3763214313', '8804889565', '9164924239');
INSERT INTO Employees (did, ename, email, home_contact, mobile_contact, office_contact) VALUES (4, 'Hill Pretley', 'hillpretley24@company.com', '4694811918', '2417504729', '8632853850');
INSERT INTO Employees (did, ename, email, home_contact, mobile_contact, office_contact) VALUES (5, 'Jaimie Diglin', 'jaimiediglin25@company.com', '3928391949', '4627392764', '1893082231');
INSERT INTO Employees (did, ename, email, home_contact, mobile_contact, office_contact) VALUES (6, 'Erma Annable', 'ermaannable26@company.com', '4937891464', '1148238272', '9218721459');
INSERT INTO Employees (did, ename, email, home_contact, mobile_contact, office_contact) VALUES (7, 'Arlena Levens', 'arlenalevens27@company.com', '2141115271', '2146785387', '8205765045');
INSERT INTO Employees (did, ename, email, home_contact, mobile_contact, office_contact) VALUES (8, 'Ava Agutter', 'avaagutter28@company.com', '8522181543', '6094687133', '7799277805');
INSERT INTO Employees (did, ename, email, home_contact, mobile_contact, office_contact) VALUES (9, 'Warren Koenen', 'warrenkoenen29@company.com', '6088181461', '6573534820', '9843744439');
INSERT INTO Employees (did, ename, email, home_contact, mobile_contact, office_contact) VALUES (10, 'Selie Fairey', 'seliefairey30@company.com', '9484087580', '5947000924', '4738209429');


-- Load dummy Bookers
INSERT INTO Bookers VALUES (1);
INSERT INTO Bookers VALUES (2);
INSERT INTO Bookers VALUES (3);
INSERT INTO Bookers VALUES (4);
INSERT INTO Bookers VALUES (5);
INSERT INTO Bookers VALUES (6);
INSERT INTO Bookers VALUES (7);
INSERT INTO Bookers VALUES (8);
INSERT INTO Bookers VALUES (9);
INSERT INTO Bookers VALUES (10);
INSERT INTO Bookers VALUES (11);
INSERT INTO Bookers VALUES (12);
INSERT INTO Bookers VALUES (13);
INSERT INTO Bookers VALUES (14);
INSERT INTO Bookers VALUES (15);
INSERT INTO Bookers VALUES (16);
INSERT INTO Bookers VALUES (17);
INSERT INTO Bookers VALUES (18);
INSERT INTO Bookers VALUES (19);
INSERT INTO Bookers VALUES (20);


-- Load dummy Seniors
INSERT INTO Seniors VALUES (1);
INSERT INTO Seniors VALUES (2);
INSERT INTO Seniors VALUES (3);
INSERT INTO Seniors VALUES (4);
INSERT INTO Seniors VALUES (5);
INSERT INTO Seniors VALUES (6);
INSERT INTO Seniors VALUES (7);
INSERT INTO Seniors VALUES (8);
INSERT INTO Seniors VALUES (9);
INSERT INTO Seniors VALUES (10);


-- Load dummy Managers
INSERT INTO Managers VALUES (11);
INSERT INTO Managers VALUES (12);
INSERT INTO Managers VALUES (13);
INSERT INTO Managers VALUES (14);
INSERT INTO Managers VALUES (15);
INSERT INTO Managers VALUES (16);
INSERT INTO Managers VALUES (17);
INSERT INTO Managers VALUES (18);
INSERT INTO Managers VALUES (19);
INSERT INTO Managers VALUES (20);


-- Load dummy Juniors
INSERT INTO Juniors (eid) VALUES (21);
INSERT INTO Juniors (eid) VALUES (22);
INSERT INTO Juniors (eid) VALUES (23);
INSERT INTO Juniors (eid) VALUES (24);
INSERT INTO Juniors (eid) VALUES (25);
INSERT INTO Juniors (eid) VALUES (26);
INSERT INTO Juniors (eid) VALUES (27);
INSERT INTO Juniors (eid) VALUES (28);
INSERT INTO Juniors (eid) VALUES (29);
INSERT INTO Juniors (eid) VALUES (30);


-- Load dummy health declarations
INSERT INTO HealthDeclarations (eid, declareDate, temp)  VALUES (1, '2021-11-06', 36.3);
INSERT INTO HealthDeclarations (eid, declareDate, temp)  VALUES (2, '2021-11-06', 36.3);
INSERT INTO HealthDeclarations (eid, declareDate, temp)  VALUES (4, '2021-11-06', 36.3);
INSERT INTO HealthDeclarations (eid, declareDate, temp)  VALUES (1, '2021-11-07', 36.3);
INSERT INTO HealthDeclarations (eid, declareDate, temp)  VALUES (2, '2021-11-07', 36.3);
INSERT INTO HealthDeclarations (eid, declareDate, temp)  VALUES (1, '2021-11-08', 36.3);
INSERT INTO HealthDeclarations (eid, declareDate, temp)  VALUES (2, '2021-11-08', 41.0);
INSERT INTO HealthDeclarations (eid, declareDate, temp)  VALUES (3, '2021-11-08', 36.3);
INSERT INTO HealthDeclarations (eid, declareDate, temp)  VALUES (1, '2021-11-09', 36.3);
INSERT INTO HealthDeclarations (eid, declareDate, temp)  VALUES (2, '2021-11-09', 36.3);
INSERT INTO HealthDeclarations (eid, declareDate, temp)  VALUES (3, '2021-11-09', 36.3);


-- Load dummy Meeting Rooms
INSERT INTO MeetingRooms(floor, room, rname, did) VALUES (5,1, 'r5-1', 1);
INSERT INTO MeetingRooms(floor, room, rname, did) VALUES (5,2, 'r5-2', 2);
INSERT INTO MeetingRooms(floor, room, rname, did) VALUES (5,3, 'r5-3', 3);
INSERT INTO MeetingRooms(floor, room, rname, did) VALUES (5,4, 'r5-4', 4);
INSERT INTO MeetingRooms(floor, room, rname, did) VALUES (5,5, 'r5-5', 5);
INSERT INTO MeetingRooms(floor, room, rname, did) VALUES (5,6, 'r5-6', 6);
INSERT INTO MeetingRooms(floor, room, rname, did) VALUES (5,7, 'r5-7', 7);
INSERT INTO MeetingRooms(floor, room, rname, did) VALUES (5,8, 'r5-8', 8);
INSERT INTO MeetingRooms(floor, room, rname, did) VALUES (5,9, 'r5-9', 9);
INSERT INTO MeetingRooms(floor, room, rname, did) VALUES (5,10, 'r5-10', 10);


-- Load dummy Sessions
INSERT INTO Sessions(sessiondate, sessiontime, floor, room, bookerid) VALUES('2021-11-07', 8, 5, 1, 1);
INSERT INTO Sessions(sessiondate, sessiontime, floor, room, bookerid) VALUES('2021-11-07', 9, 5, 1, 1);
INSERT INTO Sessions(sessiondate, sessiontime, floor, room, bookerid) VALUES('2021-11-07', 10, 5, 1, 1);
INSERT INTO Sessions(sessiondate, sessiontime, floor, room, bookerid) VALUES('2021-11-07', 11, 5, 1, 1);
INSERT INTO Sessions(sessiondate, sessiontime, floor, room, bookerid) VALUES('2021-11-07', 12, 5, 1, 1);
INSERT INTO Sessions(sessiondate, sessiontime, floor, room, bookerid) VALUES('2021-11-07', 13, 5, 1, 1);
INSERT INTO Sessions(sessiondate, sessiontime, floor, room, bookerid) VALUES('2021-11-07', 14, 5, 1, 1);
INSERT INTO Sessions(sessiondate, sessiontime, floor, room, bookerid) VALUES('2021-11-07', 15, 5, 1, 1);
INSERT INTO Sessions(sessiondate, sessiontime, floor, room, bookerid) VALUES('2021-11-07', 16, 5, 1, 1);
INSERT INTO Sessions(sessiondate, sessiontime, floor, room, bookerid) VALUES('2021-11-07', 17, 5, 1, 1);
INSERT INTO Sessions(sessiondate, sessiontime, floor, room, bookerid) VALUES('2021-11-07', 18, 5, 1, 1);
INSERT INTO Sessions(sessiondate, sessiontime, floor, room, bookerid) VALUES('2021-11-07', 19, 5, 1, 1);
INSERT INTO Sessions(sessiondate, sessiontime, floor, room, bookerid) VALUES('2021-11-07', 20, 5, 1, 1);
INSERT INTO Sessions(sessiondate, sessiontime, floor, room, bookerid) VALUES('2021-11-07', 21, 5, 1, 1);


-- Load dummy data for Joins
INSERT INTO Joins(eid, sessiondate, sessiontime, floor, room) VALUES(1，'2021-11-07', 8, 5, 1);
INSERT INTO Joins(eid, sessiondate, sessiontime, floor, room) VALUES(1，'2021-11-07', 9, 5, 1);
INSERT INTO Joins(eid, sessiondate, sessiontime, floor, room) VALUES(1，'2021-11-07', 10, 5, 1);
INSERT INTO Joins(eid, sessiondate, sessiontime, floor, room) VALUES(1，'2021-11-07', 11, 5, 1);
INSERT INTO Joins(eid, sessiondate, sessiontime, floor, room) VALUES(1，'2021-11-07', 12, 5, 1);
INSERT INTO Joins(eid, sessiondate, sessiontime, floor, room) VALUES(1，'2021-11-07', 13, 5, 1);
INSERT INTO Joins(eid, sessiondate, sessiontime, floor, room) VALUES(1，'2021-11-07', 14, 5, 1);
INSERT INTO Joins(eid, sessiondate, sessiontime, floor, room) VALUES(1，'2021-11-07', 15, 5, 1);
INSERT INTO Joins(eid, sessiondate, sessiontime, floor, room) VALUES(1，'2021-11-07', 16, 5, 1);
INSERT INTO Joins(eid, sessiondate, sessiontime, floor, room) VALUES(1，'2021-11-07', 17, 5, 1);
INSERT INTO Joins(eid, sessiondate, sessiontime, floor, room) VALUES(1，'2021-11-07', 18, 5, 1);
INSERT INTO Joins(eid, sessiondate, sessiontime, floor, room) VALUES(1，'2021-11-07', 19, 5, 1);
INSERT INTO Joins(eid, sessiondate, sessiontime, floor, room) VALUES(1，'2021-11-07', 20, 5, 1);
INSERT INTO Joins(eid, sessiondate, sessiontime, floor, room) VALUES(1，'2021-11-07', 21, 5, 1);


-- Load dummy data for Updates
INSERT INTO Updates(eid, update_date, new_cap, floor, room) VALUES (11, '2021-10-31', 1, 5, 1);
INSERT INTO Updates(eid, update_date, new_cap, floor, room) VALUES (11, '2021-11-01', 2, 5, 1);
INSERT INTO Updates(eid, update_date, new_cap, floor, room) VALUES (11, '2021-11-02', 3, 5, 1);
INSERT INTO Updates(eid, update_date, new_cap, floor, room) VALUES (11, '2021-11-03', 4, 5, 1);
INSERT INTO Updates(eid, update_date, new_cap, floor, room) VALUES (11, '2021-11-04', 5, 5, 1);
INSERT INTO Updates(eid, update_date, new_cap, floor, room) VALUES (11, '2021-11-05', 6, 5, 1);
INSERT INTO Updates(eid, update_date, new_cap, floor, room) VALUES (11, '2021-11-06', 7, 5, 1);
INSERT INTO Updates(eid, update_date, new_cap, floor, room) VALUES (11, '2021-11-07', 6, 5, 1);
INSERT INTO Updates(eid, update_date, new_cap, floor, room) VALUES (11, '2021-11-08', 5, 5, 1);
INSERT INTO Updates(eid, update_date, new_cap, floor, room) VALUES (11, '2021-11-09', 4, 5, 1);
