-- Load dummy Departments
INSERT INTO Departments (did, dname) VALUES (1, 'Services');
INSERT INTO Departments (did, dname) VALUES (2, 'Engineering');
INSERT INTO Departments (did, dname) VALUES (3, 'Marketing');
INSERT INTO Departments (did, dname) VALUES (4, 'Support');
INSERT INTO Departments (did, dname) VALUES (5, 'Research and Development');
INSERT INTO Departments (did, dname) VALUES (6, 'Sales');
INSERT INTO Departments (did, dname) VALUES (7, 'Legal');
INSERT INTO Departments (did, dname) VALUES (8, 'Training');
INSERT INTO Departments (did, dname) VALUES (9, 'Business Development');
INSERT INTO Departments (did, dname) VALUES (10, 'Human Resource Management');
INSERT INTO Departments (did, dname) VALUES (11, 'Finance');
INSERT INTO Departments (did, dname) VALUES (12, 'Operations');

-- Load dummy Employees
INSERT INTO Employees (did, ename, home_contact, mobile_contact, office_contact) VALUES (1, 'Willa Franchioni', '4663365799', '4394103478', '4914187963');
INSERT INTO Employees (did, ename, home_contact, mobile_contact, office_contact) VALUES (1, 'Eudora Menlove', '6607229260', '9389644305', '8709449105');
INSERT INTO Employees (did, ename, home_contact, mobile_contact, office_contact) VALUES (1, 'Piotr Faustin', '4918806077', '9471742098', '5157698203');
INSERT INTO Employees (did, ename, home_contact, mobile_contact, office_contact) VALUES (1, 'Jessey Greir', '3797949192', '5558014247', '4941757236');
INSERT INTO Employees (did, ename, home_contact, mobile_contact, office_contact) VALUES (1, 'Charlie Battershall', '2553499853', '5968656355', '1843898829');
INSERT INTO Employees (did, ename, home_contact, mobile_contact, office_contact) VALUES (1, 'Morgen Tickle', '6644339108', '2568690431', '2968121461');
INSERT INTO Employees (did, ename, home_contact, mobile_contact, office_contact) VALUES (1, 'Jobey Gouley', '1079558715', '2156075289', '3977843093');
INSERT INTO Employees (did, ename, home_contact, mobile_contact, office_contact) VALUES (1, 'Locke Hele', '7707418504', '4471204194', '1915518506');
INSERT INTO Employees (did, ename, home_contact, mobile_contact, office_contact) VALUES (1, 'Levy Steptowe', '5502701330', '3432290304', '3328129734');
INSERT INTO Employees (did, ename, home_contact, mobile_contact, office_contact) VALUES (1, 'Dominik Bonfield', '7436824199', '1306198333', '4088834894');
INSERT INTO Employees (did, ename, home_contact, mobile_contact, office_contact) VALUES (1, 'Olivier Purdie', '4712437466', '7076537593', '8348872484');
INSERT INTO Employees (did, ename, home_contact, mobile_contact, office_contact) VALUES (1, 'Ange Stoop', '3147390500', '6266523741', '4348604393');
INSERT INTO Employees (did, ename, home_contact, mobile_contact, office_contact) VALUES (1, 'Goddard Stonbridge', '9588083126', '1818701179', '3157048749');
INSERT INTO Employees (did, ename, home_contact, mobile_contact, office_contact) VALUES (1, 'Kat Morter', '4594400712', '9741699337', '9657311365');
INSERT INTO Employees (did, ename, home_contact, mobile_contact, office_contact) VALUES (1, 'Findlay Odegaard', '2626814484', '6179868481', '4314171250');
INSERT INTO Employees (did, ename, home_contact, mobile_contact, office_contact) VALUES (1, 'Kylie Wooderson', '3114040421', '3799218025', '3534502329');
INSERT INTO Employees (did, ename, home_contact, mobile_contact, office_contact) VALUES (1, 'Crawford Seydlitz', '1863537355', '5176091531', '2059480633');
INSERT INTO Employees (did, ename, home_contact, mobile_contact, office_contact) VALUES (2, 'Whittaker Sign', '4277683747', '1712488254', '2175661897');
INSERT INTO Employees (did, ename, home_contact, mobile_contact, office_contact) VALUES (2, 'Timothea Lindborg', '4634280874', '4209534568', '8541484883');
INSERT INTO Employees (did, ename, home_contact, mobile_contact, office_contact) VALUES (2, 'Moises Wapples', '1532399833', '9241776327', '5373273831');
INSERT INTO Employees (did, ename, home_contact, mobile_contact, office_contact) VALUES (2, 'Orelia Le - Count', '8755151833', '3343809437', '5352096148');
INSERT INTO Employees (did, ename, home_contact, mobile_contact, office_contact) VALUES (2, 'Osbourn Dowtry', '7846473336', '8742604682', '4128283749');
INSERT INTO Employees (did, ename, home_contact, mobile_contact, office_contact) VALUES (2, 'Tallulah Swinfon', '6971782371', '6009246655', '8891112905');
INSERT INTO Employees (did, ename, home_contact, mobile_contact, office_contact) VALUES (2, 'Juan Sherewood', '7198094025', '8582111245', '2179726053');
INSERT INTO Employees (did, ename, home_contact, mobile_contact, office_contact) VALUES (2, 'Marcello Criag', '8111913049', '4329500139', '8959394529');
INSERT INTO Employees (did, ename, home_contact, mobile_contact, office_contact) VALUES (2, 'Zsazsa O''Gormley', '9071166943', '9196449914', '1448626266');
INSERT INTO Employees (did, ename, home_contact, mobile_contact, office_contact) VALUES (2, 'Philbert Jinks', '4475595253', '2835028716', '1983603324');
INSERT INTO Employees (did, ename, home_contact, mobile_contact, office_contact) VALUES (2, 'Francklin Davidove', '9513341116', '4488773354', '7491050496');
INSERT INTO Employees (did, ename, home_contact, mobile_contact, office_contact) VALUES (2, 'Hedwig Dykas', '3763214313', '8804889565', '9164924239');
INSERT INTO Employees (did, ename, home_contact, mobile_contact, office_contact) VALUES (2, 'Hill Pretley', '4694811918', '2417504729', '8632853850');
INSERT INTO Employees (did, ename, home_contact, mobile_contact, office_contact) VALUES (2, 'Jaimie Diglin', '3928391949', '4627392764', '1893082231');
INSERT INTO Employees (did, ename, home_contact, mobile_contact, office_contact) VALUES (2, 'Erma Annable', '4937891464', '1148238272', '9218721459');
INSERT INTO Employees (did, ename, home_contact, mobile_contact, office_contact) VALUES (2, 'Arlena Levens', '2141115271', '2146785387', '8205765045');
INSERT INTO Employees (did, ename, home_contact, mobile_contact, office_contact) VALUES (3, 'Ava Agutter', '8522181543', '6094687133', '7799277805');
INSERT INTO Employees (did, ename, home_contact, mobile_contact, office_contact) VALUES (3, 'Warren Koenen', '6088181461', '6573534820', '9843744439');
INSERT INTO Employees (did, ename, home_contact, mobile_contact, office_contact) VALUES (3, 'Selie Fairey', '9484087580', '5947000924', '4738209429');
INSERT INTO Employees (did, ename, home_contact, mobile_contact, office_contact) VALUES (3, 'Joann Cuffin', '8129338753', '4432540694', '9442619032');
INSERT INTO Employees (did, ename, home_contact, mobile_contact, office_contact) VALUES (3, 'Danika Burhill', '8253576233', '4724163755', '5746360553');
INSERT INTO Employees (did, ename, home_contact, mobile_contact, office_contact) VALUES (3, 'Jeanelle Tessier', '5027439759', '3697212278', '5059122233');
INSERT INTO Employees (did, ename, home_contact, mobile_contact, office_contact) VALUES (3, 'Stacie Rolfini', '1356094383', '2792969005', '3803276594');
INSERT INTO Employees (did, ename, home_contact, mobile_contact, office_contact) VALUES (3, 'Rafaello Gerwood', '3538670920', '1491536122', '5931017177');
INSERT INTO Employees (did, ename, home_contact, mobile_contact, office_contact) VALUES (3, 'Daron Mowen', '9567013094', '5438978768', '8002111381');
INSERT INTO Employees (did, ename, home_contact, mobile_contact, office_contact) VALUES (3, 'Sandy Cabrera', '2068071237', '2171176361', '7109976311');
INSERT INTO Employees (did, ename, home_contact, mobile_contact, office_contact) VALUES (3, 'Olly Samwell', '8684724673', '4214665003', '5039009724');
INSERT INTO Employees (did, ename, home_contact, mobile_contact, office_contact) VALUES (3, 'Lanae Waterman', '9607732433', '3343587723', '4884947681');
INSERT INTO Employees (did, ename, home_contact, mobile_contact, office_contact) VALUES (3, 'Janot Billham', '4451842718', '1012684995', '7161247484');
INSERT INTO Employees (did, ename, home_contact, mobile_contact, office_contact) VALUES (3, 'Egbert Foden', '5325042897', '1938909834', '7875546809');
INSERT INTO Employees (did, ename, home_contact, mobile_contact, office_contact) VALUES (3, 'Gillan Pinnijar', '8144406714', '3283513603', '4379758905');
INSERT INTO Employees (did, ename, home_contact, mobile_contact, office_contact) VALUES (3, 'Lara Ibbott', '9069846680', '7119361945', '4942424188');
INSERT INTO Employees (did, ename, home_contact, mobile_contact, office_contact) VALUES (4, 'Etty Henken', '3388154441', '4664283209', '5612091121');
INSERT INTO Employees (did, ename, home_contact, mobile_contact, office_contact) VALUES (4, 'Tawsha Jennaway', '7161130640', '2511163258', '2301332778');
INSERT INTO Employees (did, ename, home_contact, mobile_contact, office_contact) VALUES (4, 'Vin Prene', '4861605307', '8352844544', '3586077074');
INSERT INTO Employees (did, ename, home_contact, mobile_contact, office_contact) VALUES (4, 'Wakefield Huggard', '7469662542', '4065769380', '1614441393');
INSERT INTO Employees (did, ename, home_contact, mobile_contact, office_contact) VALUES (4, 'Chico Kochlin', '7998453490', '5851114072', '3453704420');
INSERT INTO Employees (did, ename, home_contact, mobile_contact, office_contact) VALUES (4, 'Jody Maylard', '6849272500', '9639214290', '3977876041');
INSERT INTO Employees (did, ename, home_contact, mobile_contact, office_contact) VALUES (4, 'Justus Elintune', '3011480420', '8863058150', '2024303757');
INSERT INTO Employees (did, ename, home_contact, mobile_contact, office_contact) VALUES (4, 'Dyan Cruwys', '5155915179', '5642250277', '8641063555');
INSERT INTO Employees (did, ename, home_contact, mobile_contact, office_contact) VALUES (4, 'Adore Mazzilli', '7096044316', '1245082654', '8393585783');
INSERT INTO Employees (did, ename, home_contact, mobile_contact, office_contact) VALUES (4, 'Freddy Deluze', '4534484323', '7614916018', '5379306318');
INSERT INTO Employees (did, ename, home_contact, mobile_contact, office_contact) VALUES (4, 'Hedwiga Callery', '8429471612', '8645891848', '9368881277');
INSERT INTO Employees (did, ename, home_contact, mobile_contact, office_contact) VALUES (4, 'Vallie Pullin', '8107747444', '7301202511', '9842122976');
INSERT INTO Employees (did, ename, home_contact, mobile_contact, office_contact) VALUES (4, 'Jobie Jamieson', '5731233797', '7678587315', '6497016544');
INSERT INTO Employees (did, ename, home_contact, mobile_contact, office_contact) VALUES (4, 'Walther Sheehy', '5316358793', '7311758329', '1477843451');
INSERT INTO Employees (did, ename, home_contact, mobile_contact, office_contact) VALUES (4, 'Merla Sextie', '5626610102', '4992796119', '5055478749');
INSERT INTO Employees (did, ename, home_contact, mobile_contact, office_contact) VALUES (4, 'Kally Boays', '6648711318', '4236204232', '1576527062');
INSERT INTO Employees (did, ename, home_contact, mobile_contact, office_contact) VALUES (5, 'Geraldine Vidgen', '7526892396', '3145201935', '4406338712');
INSERT INTO Employees (did, ename, home_contact, mobile_contact, office_contact) VALUES (5, 'Brendis Bolino', '9361931959', '1102375075', '9338176281');
INSERT INTO Employees (did, ename, home_contact, mobile_contact, office_contact) VALUES (5, 'Lefty Snadden', '2117312648', '8691338185', '9895114425');
INSERT INTO Employees (did, ename, home_contact, mobile_contact, office_contact) VALUES (5, 'Walliw Nesey', '3504449173', '8651780411', '5802231730');
INSERT INTO Employees (did, ename, home_contact, mobile_contact, office_contact) VALUES (5, 'Wenda Greenland', '7228775816', '6676808583', '9891753329');
INSERT INTO Employees (did, ename, home_contact, mobile_contact, office_contact) VALUES (5, 'Lorelei Betun', '3753550350', '2916793764', '8984445798');
INSERT INTO Employees (did, ename, home_contact, mobile_contact, office_contact) VALUES (5, 'Leandra Raybould', '8887136966', '4278064231', '8339487154');
INSERT INTO Employees (did, ename, home_contact, mobile_contact, office_contact) VALUES (5, 'Hatty Fryers', '9213920994', '4631847106', '8953263951');
INSERT INTO Employees (did, ename, home_contact, mobile_contact, office_contact) VALUES (5, 'Donal Sille', '4921696330', '9616546779', '1069208605');
INSERT INTO Employees (did, ename, home_contact, mobile_contact, office_contact) VALUES (5, 'Audra Starrs', '6572479381', '9256600535', '3862523625');
INSERT INTO Employees (did, ename, home_contact, mobile_contact, office_contact) VALUES (5, 'Gwyneth Bulbeck', '1481623354', '9674597934', '5469403837');
INSERT INTO Employees (did, ename, home_contact, mobile_contact, office_contact) VALUES (5, 'Ervin Brownscombe', '1058151665', '6649524052', '1902185790');
INSERT INTO Employees (did, ename, home_contact, mobile_contact, office_contact) VALUES (5, 'Tuckie Dast', '9111117739', '3799342968', '6972738392');
INSERT INTO Employees (did, ename, home_contact, mobile_contact, office_contact) VALUES (5, 'Grace Averies', '5308240149', '2963370767', '2667405423');
INSERT INTO Employees (did, ename, home_contact, mobile_contact, office_contact) VALUES (5, 'Neda Shadbolt', '6049780602', '1014857230', '6124210474');
INSERT INTO Employees (did, ename, home_contact, mobile_contact, office_contact) VALUES (5, 'Tan Phateplace', '3379773653', '1978769979', '1905846366');
INSERT INTO Employees (did, ename, home_contact, mobile_contact, office_contact) VALUES (6, 'Jock Carlos', '2521284610', '9632324471', '4695186468');
INSERT INTO Employees (did, ename, home_contact, mobile_contact, office_contact) VALUES (6, 'Delly Paschke', '4504449395', '2966896653', '5874425547');
INSERT INTO Employees (did, ename, home_contact, mobile_contact, office_contact) VALUES (6, 'Nikolaus Wemyss', '2347132584', '9413687492', '5975836969');
INSERT INTO Employees (did, ename, home_contact, mobile_contact, office_contact) VALUES (6, 'Lenee Librey', '1587991607', '2489519399', '2939760257');
INSERT INTO Employees (did, ename, home_contact, mobile_contact, office_contact) VALUES (6, 'Janela Coie', '3585271807', '8389119055', '7164526750');
INSERT INTO Employees (did, ename, home_contact, mobile_contact, office_contact) VALUES (6, 'Gerek Essel', '6074442404', '9295162342', '7725464266');
INSERT INTO Employees (did, ename, home_contact, mobile_contact, office_contact) VALUES (6, 'Herve Cleynman', '9371274587', '8446387070', '7255537079');
INSERT INTO Employees (did, ename, home_contact, mobile_contact, office_contact) VALUES (6, 'Kimberlee Minnock', '4112325017', '9349684989', '3405617475');
INSERT INTO Employees (did, ename, home_contact, mobile_contact, office_contact) VALUES (6, 'Arlie Jiles', '6046000513', '4509020383', '9206894592');
INSERT INTO Employees (did, ename, home_contact, mobile_contact, office_contact) VALUES (6, 'Anjanette Kropach', '9387700763', '6786970607', '2768422649');
INSERT INTO Employees (did, ename, home_contact, mobile_contact, office_contact) VALUES (6, 'Robbin Tipton', '1348628375', '8758415592', '1038027957');
INSERT INTO Employees (did, ename, home_contact, mobile_contact, office_contact) VALUES (6, 'Zacherie Burgoine', '6087102362', '5021722407', '5887753834');
INSERT INTO Employees (did, ename, home_contact, mobile_contact, office_contact) VALUES (6, 'Deeanne Gwilt', '2291373454', '7362704222', '1565801625');
INSERT INTO Employees (did, ename, home_contact, mobile_contact, office_contact) VALUES (6, 'Velma Orteaux', '6805439509', '5384749109', '7767942601');
INSERT INTO Employees (did, ename, home_contact, mobile_contact, office_contact) VALUES (6, 'Kelley Wahner', '2114057203', '5718815418', '3736385593');
INSERT INTO Employees (did, ename, home_contact, mobile_contact, office_contact) VALUES (6, 'Corenda Caldecot', '9686041886', '6199890671', '7674599320');
INSERT INTO Employees (did, ename, home_contact, mobile_contact, office_contact) VALUES (7, 'Carol-jean Shieber', '2515488050', '9157834176', '1514133517');
INSERT INTO Employees (did, ename, home_contact, mobile_contact, office_contact) VALUES (7, 'Hal Padkin', '2971496835', '2842601572', '2215693368');
INSERT INTO Employees (did, ename, home_contact, mobile_contact, office_contact) VALUES (7, 'Donalt Fewell', '3606970272', '2324608859', '1169155711');
INSERT INTO Employees (did, ename, home_contact, mobile_contact, office_contact) VALUES (7, 'Amandie Annesley', '9514365820', '8639662432', '5901001811');
INSERT INTO Employees (did, ename, home_contact, mobile_contact, office_contact) VALUES (7, 'Glen Asprey', '2797747960', '4481408803', '5772823856');
INSERT INTO Employees (did, ename, home_contact, mobile_contact, office_contact) VALUES (7, 'Helaine Smorthit', '7973354590', '5459903133', '6177935480');
INSERT INTO Employees (did, ename, home_contact, mobile_contact, office_contact) VALUES (7, 'Delbert MacCarter', '4305131964', '3232292121', '1892490838');
INSERT INTO Employees (did, ename, home_contact, mobile_contact, office_contact) VALUES (7, 'Bridgette Wogden', '9291150811', '2703916717', '4251525663');
INSERT INTO Employees (did, ename, home_contact, mobile_contact, office_contact) VALUES (7, 'Paolina Grieveson', '6599965102', '9179295221', '5402257890');
INSERT INTO Employees (did, ename, home_contact, mobile_contact, office_contact) VALUES (7, 'Gordon Cocozza', '4471119115', '1594534274', '2076535544');
INSERT INTO Employees (did, ename, home_contact, mobile_contact, office_contact) VALUES (7, 'Basia Beneteau', '9305948937', '8843335193', '8653810982');
INSERT INTO Employees (did, ename, home_contact, mobile_contact, office_contact) VALUES (7, 'Joyan Tupman', '9071375780', '7142156211', '3655257334');
INSERT INTO Employees (did, ename, home_contact, mobile_contact, office_contact) VALUES (7, 'Sheffy McGlew', '5123513872', '7157027927', '7246548082');
INSERT INTO Employees (did, ename, home_contact, mobile_contact, office_contact) VALUES (7, 'Melantha Musker', '2217611604', '4106762957', '1403344636');
INSERT INTO Employees (did, ename, home_contact, mobile_contact, office_contact) VALUES (7, 'Rania Maywood', '7045419061', '1425518642', '8549177464');
INSERT INTO Employees (did, ename, home_contact, mobile_contact, office_contact) VALUES (8, 'Donn Shropsheir', '2536924307', '1585276925', '9454501828');
INSERT INTO Employees (did, ename, home_contact, mobile_contact, office_contact) VALUES (8, 'Isabelle Barritt', '3662782222', '5297218256', '1374834491');
INSERT INTO Employees (did, ename, home_contact, mobile_contact, office_contact) VALUES (8, 'Elayne Hampe', '5556064481', '3521949231', '5419622595');
INSERT INTO Employees (did, ename, home_contact, mobile_contact, office_contact) VALUES (8, 'Park Stables', '8203618068', '2998408245', '2615462209');
INSERT INTO Employees (did, ename, home_contact, mobile_contact, office_contact) VALUES (8, 'Ingaborg Frankema', '7517578383', '6275998937', '1174985712');
INSERT INTO Employees (did, ename, home_contact, mobile_contact, office_contact) VALUES (8, 'Anita Frankling', '2855763883', '6379190430', '4356519035');
INSERT INTO Employees (did, ename, home_contact, mobile_contact, office_contact) VALUES (8, 'Maura Bennie', '5738049442', '1443456029', '5682258567');
INSERT INTO Employees (did, ename, home_contact, mobile_contact, office_contact) VALUES (8, 'Paddy Edsell', '6952431071', '4729906185', '4161092196');
INSERT INTO Employees (did, ename, home_contact, mobile_contact, office_contact) VALUES (8, 'Lilah Idiens', '7312113868', '1386271666', '5498418337');
INSERT INTO Employees (did, ename, home_contact, mobile_contact, office_contact) VALUES (8, 'Blair Morrowe', '6306124275', '8367699351', '5489345512');
INSERT INTO Employees (did, ename, home_contact, mobile_contact, office_contact) VALUES (8, 'Waite Depke', '7793653723', '3899915562', '9414479674');
INSERT INTO Employees (did, ename, home_contact, mobile_contact, office_contact) VALUES (8, 'Bradan De La Haye', '6751212615', '2391658658', '8506498048');
INSERT INTO Employees (did, ename, home_contact, mobile_contact, office_contact) VALUES (8, 'Katrina Dollard', '7347206563', '4661211120', '7393972929');
INSERT INTO Employees (did, ename, home_contact, mobile_contact, office_contact) VALUES (8, 'Annecorinne Cossem', '9393362873', '8875126515', '6968678226');
INSERT INTO Employees (did, ename, home_contact, mobile_contact, office_contact) VALUES (8, 'Kristen Tadman', '7031697831', '4544888890', '7608901704');
INSERT INTO Employees (did, ename, home_contact, mobile_contact, office_contact) VALUES (8, 'Barret Buddle', '6006703229', '4029135086', '7826995457');
INSERT INTO Employees (did, ename, home_contact, mobile_contact, office_contact) VALUES (9, 'Richart Dunlop', '5886821775', '4052961136', '2933960611');
INSERT INTO Employees (did, ename, home_contact, mobile_contact, office_contact) VALUES (9, 'Claudina Sexty', '9017152471', '1775641107', '5696358896');
INSERT INTO Employees (did, ename, home_contact, mobile_contact, office_contact) VALUES (9, 'Maren Lowmass', '3308662583', '6433149956', '7167024034');
INSERT INTO Employees (did, ename, home_contact, mobile_contact, office_contact) VALUES (9, 'Allie Corston', '4475327435', '9002305434', '3586663469');
INSERT INTO Employees (did, ename, home_contact, mobile_contact, office_contact) VALUES (9, 'Hadlee Grzeszczyk', '7802669068', '1912777317', '5694217766');
INSERT INTO Employees (did, ename, home_contact, mobile_contact, office_contact) VALUES (9, 'Susette Christoffe', '3919198411', '7397518543', '8967126721');
INSERT INTO Employees (did, ename, home_contact, mobile_contact, office_contact) VALUES (9, 'Rafferty Gillitt', '7366593895', '2986552261', '2296455247');
INSERT INTO Employees (did, ename, home_contact, mobile_contact, office_contact) VALUES (9, 'Cesaro Dowtry', '2474255379', '8523083044', '7481562792');
INSERT INTO Employees (did, ename, home_contact, mobile_contact, office_contact) VALUES (9, 'Dominica Everett', '3037406794', '7783010868', '7436149289');
INSERT INTO Employees (did, ename, home_contact, mobile_contact, office_contact) VALUES (9, 'Ax Greenslade', '8984568190', '5543528060', '9821413417');
INSERT INTO Employees (did, ename, home_contact, mobile_contact, office_contact) VALUES (9, 'Karry Rupp', '3289108236', '2539114053', '6443711618');
INSERT INTO Employees (did, ename, home_contact, mobile_contact, office_contact) VALUES (9, 'Jania Nesby', '3024591982', '7994284889', '2628113752');
INSERT INTO Employees (did, ename, home_contact, mobile_contact, office_contact) VALUES (9, 'Kriste Elcoate', '4094061127', '4256972747', '5183036224');
INSERT INTO Employees (did, ename, home_contact, mobile_contact, office_contact) VALUES (9, 'Decca Signori', '4317312065', '7956481514', '3213090509');
INSERT INTO Employees (did, ename, home_contact, mobile_contact, office_contact) VALUES (9, 'Sol Easbie', '3602957880', '8291600580', '9263511720');
INSERT INTO Employees (did, ename, home_contact, mobile_contact, office_contact) VALUES (9, 'Redd Feragh', '4437967706', '5001054834', '5254858769');
INSERT INTO Employees (did, ename, home_contact, mobile_contact, office_contact) VALUES (10, 'Haydon Davage', '7627832807', '7957487626', '8718677609');
INSERT INTO Employees (did, ename, home_contact, mobile_contact, office_contact) VALUES (10, 'Klarika Baigrie', '9186473023', '4926713495', '1752278334');
INSERT INTO Employees (did, ename, home_contact, mobile_contact, office_contact) VALUES (10, 'Roslyn Clancy', '2267677616', '2715200462', '3836868035');
INSERT INTO Employees (did, ename, home_contact, mobile_contact, office_contact) VALUES (10, 'Roddie Kamen', '2967435319', '2576300146', '9471826342');
INSERT INTO Employees (did, ename, home_contact, mobile_contact, office_contact) VALUES (10, 'Rosita Studde', '5123162994', '4923922622', '4934815156');
INSERT INTO Employees (did, ename, home_contact, mobile_contact, office_contact) VALUES (10, 'Georgina Gritton', '4599379441', '8779222455', '7849744709');
INSERT INTO Employees (did, ename, home_contact, mobile_contact, office_contact) VALUES (10, 'Spencer Duncanson', '3705272600', '2811600506', '9315385056');
INSERT INTO Employees (did, ename, home_contact, mobile_contact, office_contact) VALUES (10, 'Jayme Domel', '2148196342', '4428142639', '4087531563');
INSERT INTO Employees (did, ename, home_contact, mobile_contact, office_contact) VALUES (10, 'Jacquelyn Moreing', '1191751830', '6732726258', '4227255220');
INSERT INTO Employees (did, ename, home_contact, mobile_contact, office_contact) VALUES (10, 'Caria Forsbey', '3067678476', '8219682453', '8884642151');
INSERT INTO Employees (did, ename, home_contact, mobile_contact, office_contact) VALUES (10, 'Roselia Carvill', '7366876986', '1126732086', '5527050876');
INSERT INTO Employees (did, ename, home_contact, mobile_contact, office_contact) VALUES (10, 'Victor Dmitriev', '6837394289', '1859257255', '3206484049');
INSERT INTO Employees (did, ename, home_contact, mobile_contact, office_contact) VALUES (10, 'Francklyn Orviss', '9524188926', '7638127608', '8289314616');
INSERT INTO Employees (did, ename, home_contact, mobile_contact, office_contact) VALUES (10, 'Karly Dodgson', '8618711268', '3672163005', '1057373608');
INSERT INTO Employees (did, ename, home_contact, mobile_contact, office_contact) VALUES (10, 'Shaylah Laville', '3047981177', '5528971917', '3023911507');
INSERT INTO Employees (did, ename, home_contact, mobile_contact, office_contact) VALUES (11, 'Kariotta Parrot', '8302072494', '5428470189', '4308886901');
INSERT INTO Employees (did, ename, home_contact, mobile_contact, office_contact) VALUES (11, 'Daloris Moles', '6834226298', '1104745905', '5831866515');
INSERT INTO Employees (did, ename, home_contact, mobile_contact, office_contact) VALUES (11, 'Danna Itshak', '6656593021', '6491877654', '5472855435');
INSERT INTO Employees (did, ename, home_contact, mobile_contact, office_contact) VALUES (11, 'Reed Cakes', '9385714369', '3835931109', '6175185225');
INSERT INTO Employees (did, ename, home_contact, mobile_contact, office_contact) VALUES (11, 'Birgitta Henriques', '9251430459', '7473354919', '3371118104');
INSERT INTO Employees (did, ename, home_contact, mobile_contact, office_contact) VALUES (11, 'Wilhelmine Malyj', '9126634873', '8271697606', '6778055077');
INSERT INTO Employees (did, ename, home_contact, mobile_contact, office_contact) VALUES (11, 'Cecily Hitcham', '1843595305', '3527734255', '1345594060');
INSERT INTO Employees (did, ename, home_contact, mobile_contact, office_contact) VALUES (11, 'Charin Trinder', '4667668719', '2838210920', '9545245860');
INSERT INTO Employees (did, ename, home_contact, mobile_contact, office_contact) VALUES (11, 'Arleen Dacks', '1616937891', '6089637883', '7152858637');
INSERT INTO Employees (did, ename, home_contact, mobile_contact, office_contact) VALUES (11, 'Tommie Ringer', '5972775653', '1808926043', '4069989940');
INSERT INTO Employees (did, ename, home_contact, mobile_contact, office_contact) VALUES (11, 'Rodger Canadine', '6487439026', '7392912249', '6534154465');
INSERT INTO Employees (did, ename, home_contact, mobile_contact, office_contact) VALUES (11, 'Meg Veneur', '1624513952', '8713080559', '9594751185');
INSERT INTO Employees (did, ename, home_contact, mobile_contact, office_contact) VALUES (11, 'Annalise Fears', '4345778827', '3487771248', '8595490207');
INSERT INTO Employees (did, ename, home_contact, mobile_contact, office_contact) VALUES (11, 'Cathe MacGillacolm', '5168743183', '2685704450', '6067721676');
INSERT INTO Employees (did, ename, home_contact, mobile_contact, office_contact) VALUES (11, 'Roselle Brinkworth', '8126639757', '9732672563', '3878710082');
INSERT INTO Employees (did, ename, home_contact, mobile_contact, office_contact) VALUES (11, 'Adda Barfield', '8718489969', '7588201761', '5705729689');
INSERT INTO Employees (did, ename, home_contact, mobile_contact, office_contact) VALUES (12, 'Leeland Motton', '8161858674', '8653407639', '5045320705');
INSERT INTO Employees (did, ename, home_contact, mobile_contact, office_contact) VALUES (12, 'Corrine Grishkov', '5181220754', '4294910204', '3385593241');
INSERT INTO Employees (did, ename, home_contact, mobile_contact, office_contact) VALUES (12, 'Chiarra Copplestone', '9911523541', '7151277372', '7094070451');
INSERT INTO Employees (did, ename, home_contact, mobile_contact, office_contact) VALUES (12, 'Elonore Hubbart', '5207852553', '8618284090', '4258174083');
INSERT INTO Employees (did, ename, home_contact, mobile_contact, office_contact) VALUES (12, 'Dominick Thoresbie', '6878997463', '5884282511', '1616095276');
INSERT INTO Employees (did, ename, home_contact, mobile_contact, office_contact) VALUES (12, 'Letti Lequeux', '7879713092', '3577702349', '9176897792');
INSERT INTO Employees (did, ename, home_contact, mobile_contact, office_contact) VALUES (12, 'Cymbre Sabbin', '9168422607', '4665407540', '7176843687');
INSERT INTO Employees (did, ename, home_contact, mobile_contact, office_contact) VALUES (12, 'Alida Annell', '9182685714', '9912722232', '7641928117');
INSERT INTO Employees (did, ename, home_contact, mobile_contact, office_contact) VALUES (12, 'Marji Tole', '5937427955', '2347881719', '9482990278');
INSERT INTO Employees (did, ename, home_contact, mobile_contact, office_contact) VALUES (12, 'Catherine Murrigan', '1028429202', '7873528126', '4267605326');
INSERT INTO Employees (did, ename, home_contact, mobile_contact, office_contact) VALUES (12, 'Sherilyn Clubb', '2315421361', '1878756641', '5229263390');
INSERT INTO Employees (did, ename, home_contact, mobile_contact, office_contact) VALUES (12, 'Brandise Lowerson', '5064181742', '7051750827', '1534128796');
INSERT INTO Employees (did, ename, home_contact, mobile_contact, office_contact) VALUES (12, 'Markus Climie', '8079944127', '6373218690', '3796657640');
INSERT INTO Employees (did, ename, home_contact, mobile_contact, office_contact) VALUES (12, 'Tabbie Nelthorp', '5238118808', '9224068527', '8126629347');
INSERT INTO Employees (did, ename, home_contact, mobile_contact, office_contact) VALUES (12, 'Gillan Vallack', '8231366930', '8806700324', '7749305707');
INSERT INTO Employees (did, ename, home_contact, mobile_contact, office_contact) VALUES (12, 'Curry Pingston', '3724780746', '5035483455', '7116702275');
INSERT INTO Employees (did, ename, home_contact, mobile_contact, office_contact) VALUES (12, 'Welbie Dudeney', '1439844569', '1022885009', '1336681522');
INSERT INTO Employees (did, ename, home_contact, mobile_contact, office_contact) VALUES (12, 'Liza Wattisham', '2089472944', '2234452350', '9281271876');
INSERT INTO Employees (did, ename, home_contact, mobile_contact, office_contact) VALUES (12, 'Curcio Durand', '6204270828', '7826594287', '5581190275');
INSERT INTO Employees (did, ename, home_contact, mobile_contact, office_contact) VALUES (12, 'Christen Catenot', '5977911503', '3916807636', '5756778730');
INSERT INTO Employees (did, ename, home_contact, mobile_contact, office_contact) VALUES (12, 'Brockie Barfield', '6268792723', '7048494128', '4158897596');
INSERT INTO Employees (did, ename, home_contact, mobile_contact, office_contact) VALUES (12, 'Hendrik Ropkins', '9115431418', '8912544516', '4685859658');
INSERT INTO Employees (did, ename, home_contact, mobile_contact, office_contact) VALUES (12, 'Brod Innerstone', '9668612625', '5206571194', '9154042879');
INSERT INTO Employees (did, ename, home_contact, mobile_contact, office_contact) VALUES (12, 'Valera Morville', '7147639641', '9703725877', '5024269632');
INSERT INTO Employees (did, ename, home_contact, mobile_contact, office_contact) VALUES (12, 'Elmira Naris', '4339057469', '4996591720', '3239147543');

-- Load dummy Bookers
INSERT INTO Bookers VALUES (1);
INSERT INTO Bookers VALUES (2);
INSERT INTO Bookers VALUES (3);
INSERT INTO Bookers VALUES (4);
INSERT INTO Bookers VALUES (5);
INSERT INTO Bookers VALUES (6);
INSERT INTO Bookers VALUES (18);
INSERT INTO Bookers VALUES (19);
INSERT INTO Bookers VALUES (20);
INSERT INTO Bookers VALUES (21);
INSERT INTO Bookers VALUES (22);
INSERT INTO Bookers VALUES (23);
INSERT INTO Bookers VALUES (34);
INSERT INTO Bookers VALUES (35);
INSERT INTO Bookers VALUES (36);
INSERT INTO Bookers VALUES (37);
INSERT INTO Bookers VALUES (38);
INSERT INTO Bookers VALUES (39);
INSERT INTO Bookers VALUES (50);
INSERT INTO Bookers VALUES (51);
INSERT INTO Bookers VALUES (52);
INSERT INTO Bookers VALUES (53);
INSERT INTO Bookers VALUES (54);
INSERT INTO Bookers VALUES (55);
INSERT INTO Bookers VALUES (66);
INSERT INTO Bookers VALUES (67);
INSERT INTO Bookers VALUES (68);
INSERT INTO Bookers VALUES (69);
INSERT INTO Bookers VALUES (70);
INSERT INTO Bookers VALUES (71);
INSERT INTO Bookers VALUES (82);
INSERT INTO Bookers VALUES (83);
INSERT INTO Bookers VALUES (84);
INSERT INTO Bookers VALUES (85);
INSERT INTO Bookers VALUES (86);
INSERT INTO Bookers VALUES (87);
INSERT INTO Bookers VALUES (98);
INSERT INTO Bookers VALUES (99);
INSERT INTO Bookers VALUES (100);
INSERT INTO Bookers VALUES (101);
INSERT INTO Bookers VALUES (102);
INSERT INTO Bookers VALUES (103);
INSERT INTO Bookers VALUES (113);
INSERT INTO Bookers VALUES (114);
INSERT INTO Bookers VALUES (115);
INSERT INTO Bookers VALUES (116);
INSERT INTO Bookers VALUES (117);
INSERT INTO Bookers VALUES (118);
INSERT INTO Bookers VALUES (129);
INSERT INTO Bookers VALUES (130);
INSERT INTO Bookers VALUES (131);
INSERT INTO Bookers VALUES (132);
INSERT INTO Bookers VALUES (133);
INSERT INTO Bookers VALUES (134);
INSERT INTO Bookers VALUES (145);
INSERT INTO Bookers VALUES (146);
INSERT INTO Bookers VALUES (147);
INSERT INTO Bookers VALUES (148);
INSERT INTO Bookers VALUES (149);
INSERT INTO Bookers VALUES (150);
INSERT INTO Bookers VALUES (160);
INSERT INTO Bookers VALUES (161);
INSERT INTO Bookers VALUES (162);
INSERT INTO Bookers VALUES (163);
INSERT INTO Bookers VALUES (164);
INSERT INTO Bookers VALUES (165);
INSERT INTO Bookers VALUES (176);
INSERT INTO Bookers VALUES (177);
INSERT INTO Bookers VALUES (178);
INSERT INTO Bookers VALUES (179);
INSERT INTO Bookers VALUES (180);
INSERT INTO Bookers VALUES (181);

-- Load dummy Seniors
INSERT INTO Seniors VALUES (1);
INSERT INTO Seniors VALUES (2);
INSERT INTO Seniors VALUES (3);
INSERT INTO Seniors VALUES (4);
INSERT INTO Seniors VALUES (18);
INSERT INTO Seniors VALUES (19);
INSERT INTO Seniors VALUES (20);
INSERT INTO Seniors VALUES (21);
INSERT INTO Seniors VALUES (34);
INSERT INTO Seniors VALUES (35);
INSERT INTO Seniors VALUES (36);
INSERT INTO Seniors VALUES (37);
INSERT INTO Seniors VALUES (50);
INSERT INTO Seniors VALUES (51);
INSERT INTO Seniors VALUES (52);
INSERT INTO Seniors VALUES (53);
INSERT INTO Seniors VALUES (66);
INSERT INTO Seniors VALUES (67);
INSERT INTO Seniors VALUES (68);
INSERT INTO Seniors VALUES (69);
INSERT INTO Seniors VALUES (82);
INSERT INTO Seniors VALUES (83);
INSERT INTO Seniors VALUES (84);
INSERT INTO Seniors VALUES (85);
INSERT INTO Seniors VALUES (98);
INSERT INTO Seniors VALUES (99);
INSERT INTO Seniors VALUES (100);
INSERT INTO Seniors VALUES (101);
INSERT INTO Seniors VALUES (113);
INSERT INTO Seniors VALUES (114);
INSERT INTO Seniors VALUES (115);
INSERT INTO Seniors VALUES (116);
INSERT INTO Seniors VALUES (129);
INSERT INTO Seniors VALUES (130);
INSERT INTO Seniors VALUES (131);
INSERT INTO Seniors VALUES (132);
INSERT INTO Seniors VALUES (145);
INSERT INTO Seniors VALUES (146);
INSERT INTO Seniors VALUES (147);
INSERT INTO Seniors VALUES (148);
INSERT INTO Seniors VALUES (160);
INSERT INTO Seniors VALUES (161);
INSERT INTO Seniors VALUES (162);
INSERT INTO Seniors VALUES (163);
INSERT INTO Seniors VALUES (176);
INSERT INTO Seniors VALUES (177);
INSERT INTO Seniors VALUES (178);
INSERT INTO Seniors VALUES (179);

-- Load dummy Managers
INSERT INTO Managers VALUES (5);
INSERT INTO Managers VALUES (6);
INSERT INTO Managers VALUES (22);
INSERT INTO Managers VALUES (23);
INSERT INTO Managers VALUES (38);
INSERT INTO Managers VALUES (39);
INSERT INTO Managers VALUES (54);
INSERT INTO Managers VALUES (55);
INSERT INTO Managers VALUES (70);
INSERT INTO Managers VALUES (71);
INSERT INTO Managers VALUES (86);
INSERT INTO Managers VALUES (87);
INSERT INTO Managers VALUES (102);
INSERT INTO Managers VALUES (103);
INSERT INTO Managers VALUES (117);
INSERT INTO Managers VALUES (118);
INSERT INTO Managers VALUES (133);
INSERT INTO Managers VALUES (134);
INSERT INTO Managers VALUES (149);
INSERT INTO Managers VALUES (150);
INSERT INTO Managers VALUES (164);
INSERT INTO Managers VALUES (165);
INSERT INTO Managers VALUES (180);
INSERT INTO Managers VALUES (181);

-- Load dummy Juniors
INSERT INTO Juniors (eid) VALUES (7);
INSERT INTO Juniors (eid) VALUES (8);
INSERT INTO Juniors (eid) VALUES (9);
INSERT INTO Juniors (eid) VALUES (10);
INSERT INTO Juniors (eid) VALUES (11);
INSERT INTO Juniors (eid) VALUES (12);
INSERT INTO Juniors (eid) VALUES (13);
INSERT INTO Juniors (eid) VALUES (14);
INSERT INTO Juniors (eid) VALUES (15);
INSERT INTO Juniors (eid) VALUES (16);
INSERT INTO Juniors (eid) VALUES (17);
INSERT INTO Juniors (eid) VALUES (24);
INSERT INTO Juniors (eid) VALUES (25);
INSERT INTO Juniors (eid) VALUES (26);
INSERT INTO Juniors (eid) VALUES (27);
INSERT INTO Juniors (eid) VALUES (28);
INSERT INTO Juniors (eid) VALUES (29);
INSERT INTO Juniors (eid) VALUES (30);
INSERT INTO Juniors (eid) VALUES (31);
INSERT INTO Juniors (eid) VALUES (32);
INSERT INTO Juniors (eid) VALUES (33);
INSERT INTO Juniors (eid) VALUES (40);
INSERT INTO Juniors (eid) VALUES (41);
INSERT INTO Juniors (eid) VALUES (42);
INSERT INTO Juniors (eid) VALUES (43);
INSERT INTO Juniors (eid) VALUES (44);
INSERT INTO Juniors (eid) VALUES (45);
INSERT INTO Juniors (eid) VALUES (46);
INSERT INTO Juniors (eid) VALUES (47);
INSERT INTO Juniors (eid) VALUES (48);
INSERT INTO Juniors (eid) VALUES (49);
INSERT INTO Juniors (eid) VALUES (56);
INSERT INTO Juniors (eid) VALUES (57);
INSERT INTO Juniors (eid) VALUES (58);
INSERT INTO Juniors (eid) VALUES (59);
INSERT INTO Juniors (eid) VALUES (60);
INSERT INTO Juniors (eid) VALUES (61);
INSERT INTO Juniors (eid) VALUES (62);
INSERT INTO Juniors (eid) VALUES (63);
INSERT INTO Juniors (eid) VALUES (64);
INSERT INTO Juniors (eid) VALUES (65);
INSERT INTO Juniors (eid) VALUES (72);
INSERT INTO Juniors (eid) VALUES (73);
INSERT INTO Juniors (eid) VALUES (74);
INSERT INTO Juniors (eid) VALUES (75);
INSERT INTO Juniors (eid) VALUES (76);
INSERT INTO Juniors (eid) VALUES (77);
INSERT INTO Juniors (eid) VALUES (78);
INSERT INTO Juniors (eid) VALUES (79);
INSERT INTO Juniors (eid) VALUES (80);
INSERT INTO Juniors (eid) VALUES (81);
INSERT INTO Juniors (eid) VALUES (88);
INSERT INTO Juniors (eid) VALUES (89);
INSERT INTO Juniors (eid) VALUES (90);
INSERT INTO Juniors (eid) VALUES (91);
INSERT INTO Juniors (eid) VALUES (92);
INSERT INTO Juniors (eid) VALUES (93);
INSERT INTO Juniors (eid) VALUES (94);
INSERT INTO Juniors (eid) VALUES (95);
INSERT INTO Juniors (eid) VALUES (96);
INSERT INTO Juniors (eid) VALUES (97);
INSERT INTO Juniors (eid) VALUES (104);
INSERT INTO Juniors (eid) VALUES (105);
INSERT INTO Juniors (eid) VALUES (106);
INSERT INTO Juniors (eid) VALUES (107);
INSERT INTO Juniors (eid) VALUES (108);
INSERT INTO Juniors (eid) VALUES (109);
INSERT INTO Juniors (eid) VALUES (110);
INSERT INTO Juniors (eid) VALUES (111);
INSERT INTO Juniors (eid) VALUES (112);
INSERT INTO Juniors (eid) VALUES (119);
INSERT INTO Juniors (eid) VALUES (120);
INSERT INTO Juniors (eid) VALUES (121);
INSERT INTO Juniors (eid) VALUES (122);
INSERT INTO Juniors (eid) VALUES (123);
INSERT INTO Juniors (eid) VALUES (124);
INSERT INTO Juniors (eid) VALUES (125);
INSERT INTO Juniors (eid) VALUES (126);
INSERT INTO Juniors (eid) VALUES (127);
INSERT INTO Juniors (eid) VALUES (128);
INSERT INTO Juniors (eid) VALUES (135);
INSERT INTO Juniors (eid) VALUES (136);
INSERT INTO Juniors (eid) VALUES (137);
INSERT INTO Juniors (eid) VALUES (138);
INSERT INTO Juniors (eid) VALUES (139);
INSERT INTO Juniors (eid) VALUES (140);
INSERT INTO Juniors (eid) VALUES (141);
INSERT INTO Juniors (eid) VALUES (142);
INSERT INTO Juniors (eid) VALUES (143);
INSERT INTO Juniors (eid) VALUES (144);
INSERT INTO Juniors (eid) VALUES (151);
INSERT INTO Juniors (eid) VALUES (152);
INSERT INTO Juniors (eid) VALUES (153);
INSERT INTO Juniors (eid) VALUES (154);
INSERT INTO Juniors (eid) VALUES (155);
INSERT INTO Juniors (eid) VALUES (156);
INSERT INTO Juniors (eid) VALUES (157);
INSERT INTO Juniors (eid) VALUES (158);
INSERT INTO Juniors (eid) VALUES (159);
INSERT INTO Juniors (eid) VALUES (166);
INSERT INTO Juniors (eid) VALUES (167);
INSERT INTO Juniors (eid) VALUES (168);
INSERT INTO Juniors (eid) VALUES (169);
INSERT INTO Juniors (eid) VALUES (170);
INSERT INTO Juniors (eid) VALUES (171);
INSERT INTO Juniors (eid) VALUES (172);
INSERT INTO Juniors (eid) VALUES (173);
INSERT INTO Juniors (eid) VALUES (174);
INSERT INTO Juniors (eid) VALUES (175);
INSERT INTO Juniors (eid) VALUES (182);
INSERT INTO Juniors (eid) VALUES (183);
INSERT INTO Juniors (eid) VALUES (184);
INSERT INTO Juniors (eid) VALUES (185);
INSERT INTO Juniors (eid) VALUES (186);
INSERT INTO Juniors (eid) VALUES (187);
INSERT INTO Juniors (eid) VALUES (188);
INSERT INTO Juniors (eid) VALUES (189);
INSERT INTO Juniors (eid) VALUES (190);
INSERT INTO Juniors (eid) VALUES (191);
INSERT INTO Juniors (eid) VALUES (192);
INSERT INTO Juniors (eid) VALUES (193);
INSERT INTO Juniors (eid) VALUES (194);
INSERT INTO Juniors (eid) VALUES (195);
INSERT INTO Juniors (eid) VALUES (196);
INSERT INTO Juniors (eid) VALUES (197);
INSERT INTO Juniors (eid) VALUES (198);
INSERT INTO Juniors (eid) VALUES (199);
INSERT INTO Juniors (eid) VALUES (200);

-- Load dummy health declarations
INSERT INTO HealthDeclarations (eid, declareDate, temp)  VALUES (1, '2021-01-01', 36.3);
INSERT INTO HealthDeclarations (eid, declareDate, temp)  VALUES (2, '2021-01-01', 36.3);
INSERT INTO HealthDeclarations (eid, declareDate, temp)  VALUES (3, '2021-01-01', 36.3);
INSERT INTO HealthDeclarations (eid, declareDate, temp)  VALUES (4, '2021-01-01', 36.3);
INSERT INTO HealthDeclarations (eid, declareDate, temp)  VALUES (5, '2021-01-01', 36.3);
INSERT INTO HealthDeclarations (eid, declareDate, temp)  VALUES (6, '2021-01-01', 36.3);
INSERT INTO HealthDeclarations (eid, declareDate, temp)  VALUES (7, '2021-01-01', 36.3);
INSERT INTO HealthDeclarations (eid, declareDate, temp)  VALUES (8, '2021-01-01', 36.3);
INSERT INTO HealthDeclarations (eid, declareDate, temp)  VALUES (1, '2021-01-02', 36.3);
INSERT INTO HealthDeclarations (eid, declareDate, temp)  VALUES (2, '2021-01-02', 36.3);
INSERT INTO HealthDeclarations (eid, declareDate, temp)  VALUES (3, '2021-01-02', 36.3);
INSERT INTO HealthDeclarations (eid, declareDate, temp)  VALUES (4, '2021-01-02', 36.3);
INSERT INTO HealthDeclarations (eid, declareDate, temp)  VALUES (5, '2021-01-02', 36.3);
INSERT INTO HealthDeclarations (eid, declareDate, temp)  VALUES (6, '2021-01-02', 36.3);
INSERT INTO HealthDeclarations (eid, declareDate, temp)  VALUES (7, '2021-01-02', 36.3);
INSERT INTO HealthDeclarations (eid, declareDate, temp)  VALUES (8, '2021-01-02', 36.3);
INSERT INTO HealthDeclarations (eid, declareDate, temp)  VALUES (1, '2021-01-03', 36.3);
INSERT INTO HealthDeclarations (eid, declareDate, temp)  VALUES (2, '2021-01-03', 36.3);
INSERT INTO HealthDeclarations (eid, declareDate, temp)  VALUES (3, '2021-01-03', 37.7);
INSERT INTO HealthDeclarations (eid, declareDate, temp)  VALUES (4, '2021-01-03', 36.3);
INSERT INTO HealthDeclarations (eid, declareDate, temp)  VALUES (5, '2021-01-03', 36.3);
INSERT INTO HealthDeclarations (eid, declareDate, temp)  VALUES (6, '2021-01-03', 36.3);
INSERT INTO HealthDeclarations (eid, declareDate, temp)  VALUES (7, '2021-01-03', 36.3);
INSERT INTO HealthDeclarations (eid, declareDate, temp)  VALUES (8, '2021-01-03', 36.3);
INSERT INTO HealthDeclarations (eid, declareDate, temp)  VALUES (9, '2021-01-01', 36.3);
INSERT INTO HealthDeclarations (eid, declareDate, temp)  VALUES (9, '2021-01-03', 38.0);